tag,filename,rpm_bin,actual,pred_prior,pred_model
geom_bias__op_resid_ridge,Prop_001_T2K_01.csv,400,0.42820820478424615,0.4322784643140542,0.5142744718756357
geom_bias__op_resid_ridge,Prop_001_T2K_01.csv,400,0.42820820478424615,0.4322784643140542,0.5142753652676052
geom_bias__op_resid_ridge,Prop_001_T2K_01.csv,400,0.42820820478424615,0.4322784643140542,0.514283996939142
geom_bias__op_resid_ridge,Prop_001_T2K_01.csv,500,0.37097559280183695,0.4322784643140542,0.5229708357222017
geom_bias__op_resid_ridge,Prop_001_T2K_01.csv,600,0.3972934839677169,0.4322784643140542,0.529805000121984
geom_bias__op_resid_ridge,Prop_001_T2K_01.csv,600,0.3972934839677169,0.4322784643140542,0.5298050402628519
geom_bias__op_resid_ridge,Prop_001_T2K_01.csv,600,0.3972934839677169,0.4322784643140542,0.5297987541117025
geom_bias__op_resid_ridge,Prop_001_T2K_01.csv,700,0.42126311106110664,0.4322784643140542,0.5338167825201509
geom_bias__op_resid_ridge,Prop_001_T2K_01.csv,800,0.5631622881413406,0.4322784643140542,0.5340931012384444
geom_bias__op_resid_ridge,Prop_001_T2K_01.csv,800,0.5631622881413406,0.4322784643140542,0.5335006300886442
geom_bias__op_resid_ridge,Prop_001_T2K_01.csv,800,0.5631622881413406,0.4322784643140542,0.5322254313523546
geom_bias__op_resid_ridge,Prop_001_T2K_01.csv,900,0.43810375781589744,0.4322784643140542,0.5298363388808714
geom_bias__op_resid_ridge,Prop_001_T2K_01.csv,1100,0.46397569433944574,0.4322784643140542,0.5160576026807814
geom_bias__op_resid_ridge,Prop_001_T2K_01.csv,1200,0.5856478820109113,0.4322784643140542,0.5095824129400318
geom_bias__op_resid_ridge,Prop_001_T2K_01.csv,1200,0.5856478820109113,0.4322784643140542,0.5064717497726688
geom_bias__op_resid_ridge,Prop_001_T2K_01.csv,1200,0.5856478820109113,0.4322784643140542,0.5032815695137014
geom_bias__op_resid_ridge,Prop_001_T2K_01.csv,1300,0.48181111174970426,0.4322784643140542,0.49759590511980906
geom_bias__op_resid_ridge,Prop_001_T2K_01.csv,1400,0.5769092039870042,0.44111255299127994,0.4993133327441213
geom_bias__op_resid_ridge,Prop_001_T2K_01.csv,1400,0.5769092039870042,0.48299638336927886,0.5381109414197827
geom_bias__op_resid_ridge,Prop_001_T2K_01.csv,1400,0.5769092039870042,0.48299638336927886,0.5348177876312009
geom_bias__op_resid_ridge,Prop_001_T2K_01.csv,1500,0.4928989378961418,0.48299638336927886,0.5292769770402236
geom_bias__op_resid_ridge,Prop_001_T2K_01.csv,1600,0.4942454932257432,0.48299638336927886,0.5202081155613113
geom_bias__op_resid_ridge,Prop_001_T2K_01.csv,1600,0.4942454932257432,0.48299638336927886,0.5174985240030155
geom_bias__op_resid_ridge,Prop_001_T2K_01.csv,1600,0.4942454932257432,0.48299638336927886,0.5150619212525157
geom_bias__op_resid_ridge,Prop_001_T2K_01.csv,1700,0.5064765774650302,0.48299638336927886,0.5098927984519125
geom_bias__op_resid_ridge,Prop_001_T2K_01.csv,1800,0.5182667955276631,0.48299638336927886,0.5040088735557958
geom_bias__op_resid_ridge,Prop_001_T2K_01.csv,1800,0.5182667955276631,0.48299638336927886,0.5023571397790816
geom_bias__op_resid_ridge,Prop_001_T2K_01.csv,1800,0.5182667955276631,0.48299638336927886,0.5008247816264139
geom_bias__op_resid_ridge,Prop_001_T2K_01.csv,1900,0.3577693019433831,0.48299638336927886,0.4948367374221796
geom_bias__op_resid_ridge,Prop_001_T2K_01.csv,2000,0.5701685810811811,0.48299638336927886,0.4915218734829436
geom_bias__op_resid_ridge,Prop_001_T2K_01.csv,2000,0.5701685810811811,0.48299638336927886,0.49038303627359864
geom_bias__op_resid_ridge,Prop_001_T2K_01.csv,2000,0.5701685810811811,0.48299638336927886,0.48932131339444357
geom_bias__op_resid_ridge,Prop_001_T2K_01.csv,2100,0.6346329315581113,0.48299638336927886,0.48350423259699676
geom_bias__op_resid_ridge,Prop_001_T2K_01.csv,2400,0.4599294253896969,0.48299638336927886,0.4671187748732023
geom_bias__op_resid_ridge,Prop_001_T2K_01.csv,2400,0.4599294253896969,0.48299638336927886,0.4663271735111144
geom_bias__op_resid_ridge,Prop_001_T2K_01.csv,2400,0.4599294253896969,0.48299638336927886,0.46559665825913055
geom_bias__op_resid_ridge,Prop_001_T2K_01.csv,2500,0.5061023056795044,0.48299638336927886,0.4612705602442916
geom_bias__op_resid_ridge,Prop_003_PLA_01.csv,800,0.2691505385184781,0.279307755020878,0.27271888549298967
geom_bias__op_resid_ridge,Prop_003_PLA_01.csv,800,0.2691505385184781,0.2794321017062375,0.2728427852411827
geom_bias__op_resid_ridge,Prop_003_PLA_01.csv,800,0.2691505385184781,0.2798726539741493,0.2732745190008602
geom_bias__op_resid_ridge,Prop_003_PLA_01.csv,900,0.2991537239833353,0.2821311173100181,0.2751241759605656
geom_bias__op_resid_ridge,Prop_003_PLA_01.csv,1000,0.2767343024294544,0.2674307343774523,0.257418607678797
geom_bias__op_resid_ridge,Prop_003_PLA_01.csv,1000,0.2767343024294544,0.2674307343774523,0.2575475399685667
geom_bias__op_resid_ridge,Prop_003_PLA_01.csv,1000,0.2767343024294544,0.2674307343774523,0.25727020465583783
geom_bias__op_resid_ridge,Prop_003_PLA_01.csv,1200,0.3089156046614394,0.2839489948081121,0.2663691956122655
geom_bias__op_resid_ridge,Prop_003_PLA_01.csv,1200,0.3089156046614394,0.2839489948081121,0.26439993321609256
geom_bias__op_resid_ridge,Prop_003_PLA_01.csv,1200,0.3089156046614394,0.2839489948081121,0.26232534659372037
geom_bias__op_resid_ridge,Prop_003_PLA_01.csv,1400,0.4193677299975454,0.2839489948081121,0.25262575666168663
geom_bias__op_resid_ridge,Prop_003_PLA_01.csv,1400,0.4193677299975454,0.2839489948081121,0.25173746291855964
geom_bias__op_resid_ridge,Prop_003_PLA_01.csv,1400,0.4193677299975454,0.2839489948081121,0.2508481344996073
geom_bias__op_resid_ridge,Prop_003_PLA_01.csv,1500,0.3390694942687775,0.2839489948081121,0.24718488902033994
geom_bias__op_resid_ridge,Prop_003_PLA_01.csv,1600,0.3945037897352281,0.2839489948081121,0.23894277024996635
geom_bias__op_resid_ridge,Prop_003_PLA_01.csv,1600,0.3945037897352281,0.3446990554409111,0.293313395853487
geom_bias__op_resid_ridge,Prop_003_PLA_01.csv,1600,0.3945037897352281,0.3446990554409111,0.2920877742368384
geom_bias__op_resid_ridge,Prop_003_PLA_01.csv,1700,0.3522337649570468,0.3446990554409111,0.28860390488564724
geom_bias__op_resid_ridge,Prop_003_PLA_01.csv,1800,0.36889691155756604,0.3446990554409111,0.28030416134500363
geom_bias__op_resid_ridge,Prop_003_PLA_01.csv,1800,0.36889691155756604,0.3446990554409111,0.27853215932779063
geom_bias__op_resid_ridge,Prop_003_PLA_01.csv,1800,0.36889691155756604,0.3446990554409111,0.27729645300205247
geom_bias__op_resid_ridge,Prop_003_PLA_01.csv,2000,0.3691593603238706,0.3446990554409111,0.260643936396227
geom_bias__op_resid_ridge,Prop_003_PLA_01.csv,2000,0.3691593603238706,0.37312994589145304,0.28209995085586215
geom_bias__op_resid_ridge,Prop_003_PLA_01.csv,2000,0.3691593603238706,0.37312994589145304,0.2789681527742748
geom_bias__op_resid_ridge,Prop_003_PLA_01.csv,2900,0.4296149302511263,0.4117662460195379,0.27409418436709254
geom_bias__op_resid_ridge,Prop_003_PLA_01.csv,3000,0.4330620233654072,0.4117662460195379,0.2709889332214083
geom_bias__op_resid_ridge,Prop_003_PLA_01.csv,3000,0.4330620233654072,0.4117662460195379,0.2712214438942276
geom_bias__op_resid_ridge,Prop_003_PLA_01.csv,3000,0.4330620233654072,0.4117662460195379,0.27144895369430316
geom_bias__op_resid_ridge,Prop_003_PLA_01.csv,3300,0.3735978989259208,0.4117662460195379,0.25500389066920576
geom_bias__op_resid_ridge,Prop_003_PLA_01.csv,3400,0.3651308399783672,0.4117662460195379,0.2502155895142058
geom_bias__op_resid_ridge,Prop_003_PLA_01.csv,3400,0.3651308399783672,0.4117662460195379,0.2503515471100412
geom_bias__op_resid_ridge,Prop_003_PLA_01.csv,3400,0.3651308399783672,0.4117662460195379,0.2504617247156181
geom_bias__op_resid_ridge,Prop_003_PLA_01.csv,3500,0.35427820258583875,0.4117662460195379,0.24804334657660213
geom_bias__op_resid_ridge,Prop_003_PLA_01.csv,3600,0.3626143428803551,0.45315565132174174,0.2733835956048565
geom_bias__op_resid_ridge,Prop_003_PLA_01.csv,3600,0.3626143428803551,0.45315565132174174,0.2735684793183393
geom_bias__op_resid_ridge,Prop_003_PLA_01.csv,3600,0.3626143428803551,0.45315565132174174,0.273775208229489
geom_bias__op_resid_ridge,Prop_003_PLA_01.csv,3700,0.3646222758925298,0.45315565132174174,0.2733616689741951
geom_bias__op_resid_ridge,Prop_003_PLA_01.csv,3800,0.33549373902278773,0.45315565132174174,0.26747281776057924
geom_bias__op_resid_ridge,Prop_003_PLA_01.csv,3800,0.33549373902278773,0.45315565132174174,0.2677102523820655
geom_bias__op_resid_ridge,Prop_003_PLA_01.csv,3800,0.33549373902278773,0.45315565132174174,0.2679451224848269
geom_bias__op_resid_ridge,Prop_003_PLA_01.csv,3900,0.33228616379247194,0.45315565132174174,0.2614270720410858
geom_bias__op_resid_ridge,Prop_004_PLA_01.csv,500,0.37461247863098196,0.38698344170933985,0.41309142882615885
geom_bias__op_resid_ridge,Prop_004_PLA_01.csv,700,0.6095124817146992,0.38698344170933985,0.42809303088146033
geom_bias__op_resid_ridge,Prop_004_PLA_01.csv,800,0.45118690814995066,0.38698344170933985,0.4308861242389064
geom_bias__op_resid_ridge,Prop_004_PLA_01.csv,800,0.45118690814995066,0.38698344170933985,0.43088653935335236
geom_bias__op_resid_ridge,Prop_004_PLA_01.csv,800,0.45118690814995066,0.38698344170933985,0.4308869217179637
geom_bias__op_resid_ridge,Prop_004_PLA_01.csv,900,0.586463498754806,0.38698344170933985,0.43352622003929364
geom_bias__op_resid_ridge,Prop_004_PLA_01.csv,1000,0.5211211369619,0.38698344170933985,0.43462054830493557
geom_bias__op_resid_ridge,Prop_004_PLA_01.csv,1000,0.5211211369619,0.38698344170933985,0.43462082626588805
geom_bias__op_resid_ridge,Prop_004_PLA_01.csv,1000,0.5211211369619,0.38698344170933985,0.4346084364715603
geom_bias__op_resid_ridge,Prop_004_PLA_01.csv,1100,0.47937764461803656,0.38698344170933985,0.4341815172264472
geom_bias__op_resid_ridge,Prop_004_PLA_01.csv,1200,0.47849595639101417,0.38698344170933985,0.43257585551857747
geom_bias__op_resid_ridge,Prop_004_PLA_01.csv,1200,0.47849595639101417,0.38698344170933985,0.43133351355391497
geom_bias__op_resid_ridge,Prop_004_PLA_01.csv,1200,0.47849595639101417,0.39086471588045885,0.4338780232598264
geom_bias__op_resid_ridge,Prop_004_PLA_01.csv,1300,0.4587712061194498,0.3954438352711397,0.43620409171278257
geom_bias__op_resid_ridge,Prop_004_PLA_01.csv,1400,0.5194171904794311,0.39996399426488594,0.4376226629638353
geom_bias__op_resid_ridge,Prop_004_PLA_01.csv,1400,0.5194171904794311,0.43461849730955093,0.47127144635692275
geom_bias__op_resid_ridge,Prop_004_PLA_01.csv,1400,0.5194171904794311,0.43461849730955093,0.4695169098225893
geom_bias__op_resid_ridge,Prop_004_PLA_01.csv,1500,0.47296787566935694,0.43461849730955093,0.46683508704809845
geom_bias__op_resid_ridge,Prop_004_PLA_01.csv,1600,0.4695530399202794,0.43461849730955093,0.46272256467011275
geom_bias__op_resid_ridge,Prop_004_PLA_01.csv,1600,0.4695530399202794,0.43461849730955093,0.46093538500583986
geom_bias__op_resid_ridge,Prop_004_PLA_01.csv,1600,0.4695530399202794,0.43461849730955093,0.45912785765532627
geom_bias__op_resid_ridge,Prop_004_PLA_01.csv,1700,0.48261876659350855,0.43461849730955093,0.45570615230796063
geom_bias__op_resid_ridge,Prop_004_PLA_01.csv,1800,0.5153839698249216,0.43461849730955093,0.4517240548296569
geom_bias__op_resid_ridge,Prop_004_PLA_01.csv,1800,0.5153839698249216,0.43461849730955093,0.449915443073686
geom_bias__op_resid_ridge,Prop_004_PLA_01.csv,1800,0.5153839698249216,0.43461849730955093,0.4480863745271997
geom_bias__op_resid_ridge,Prop_004_PLA_01.csv,1900,0.48722322724346145,0.4874754839562465,0.4968640851591011
geom_bias__op_resid_ridge,Prop_004_PLA_01.csv,2000,0.485373030975554,0.4874754839562465,0.4930963238132902
geom_bias__op_resid_ridge,Prop_004_PLA_01.csv,2000,0.485373030975554,0.4874754839562465,0.4912710248710809
geom_bias__op_resid_ridge,Prop_004_PLA_01.csv,2000,0.485373030975554,0.4874754839562465,0.48946679739088084
geom_bias__op_resid_ridge,Prop_010_PLA_01.csv,400,0.3292538342842132,0.3633520168742358,0.31888349641115865
geom_bias__op_resid_ridge,Prop_010_PLA_01.csv,400,0.3292538342842132,0.3633520168742358,0.3188833044657966
geom_bias__op_resid_ridge,Prop_010_PLA_01.csv,400,0.3292538342842132,0.3633520168742358,0.3188832430514201
geom_bias__op_resid_ridge,Prop_010_PLA_01.csv,500,0.3434527731941128,0.3633520168742358,0.3201714070473011
geom_bias__op_resid_ridge,Prop_010_PLA_01.csv,600,0.3978684780039094,0.3633520168742358,0.3441866823877806
geom_bias__op_resid_ridge,Prop_010_PLA_01.csv,600,0.3978684780039094,0.3633520168742358,0.3441866732414076
geom_bias__op_resid_ridge,Prop_010_PLA_01.csv,600,0.3978684780039094,0.3633520168742358,0.3441866667661205
geom_bias__op_resid_ridge,Prop_010_PLA_01.csv,700,0.33501677741995917,0.3633520168742358,0.3576404452661122
geom_bias__op_resid_ridge,Prop_010_PLA_01.csv,800,0.34456329013816017,0.3633520168742358,0.3699180025011181
geom_bias__op_resid_ridge,Prop_010_PLA_01.csv,800,0.34456329013816017,0.3633520168742358,0.3699179993685982
geom_bias__op_resid_ridge,Prop_010_PLA_01.csv,800,0.34456329013816017,0.3633520168742358,0.3699179967945811
geom_bias__op_resid_ridge,Prop_010_PLA_01.csv,1000,0.33448463042548277,0.3633520168742358,0.3795192198036788
geom_bias__op_resid_ridge,Prop_010_PLA_01.csv,1000,0.33448463042548277,0.3633520168742358,0.379519218210224
geom_bias__op_resid_ridge,Prop_010_PLA_01.csv,1000,0.33448463042548277,0.3633520168742358,0.3795192168232358
geom_bias__op_resid_ridge,Prop_010_PLA_01.csv,1200,0.3614050271556262,0.3633520168742358,0.3853113720029858
geom_bias__op_resid_ridge,Prop_010_PLA_01.csv,1200,0.3614050271556262,0.3633520168742358,0.3853113710343279
geom_bias__op_resid_ridge,Prop_010_PLA_01.csv,1200,0.3614050271556262,0.3633520168742358,0.38531137016461464
geom_bias__op_resid_ridge,Prop_010_PLA_01.csv,1300,0.3659006821121973,0.3633520168742358,0.38721518817004263
geom_bias__op_resid_ridge,Prop_010_PLA_01.csv,1400,0.4750145771860956,0.3633520168742358,0.38791879199574447
geom_bias__op_resid_ridge,Prop_010_PLA_01.csv,1400,0.4750145771860956,0.3633520168742358,0.3879187913443091
geom_bias__op_resid_ridge,Prop_010_PLA_01.csv,1400,0.4750145771860956,0.3633520168742358,0.3879187907478866
geom_bias__op_resid_ridge,Prop_010_PLA_01.csv,1500,0.3712104268323722,0.3633520168742358,0.388245339130977
geom_bias__op_resid_ridge,Prop_010_PLA_01.csv,1600,0.4474053619555809,0.3633520168742358,0.38810146559363573
geom_bias__op_resid_ridge,Prop_010_PLA_01.csv,1600,0.4474053619555809,0.3633520168742358,0.38810146512584154
geom_bias__op_resid_ridge,Prop_010_PLA_01.csv,1600,0.4474053619555809,0.3633520168742358,0.3876174519638289
geom_bias__op_resid_ridge,Prop_010_PLA_01.csv,1700,0.37843205019997306,0.3633520168742358,0.3867034408250146
geom_bias__op_resid_ridge,Prop_010_PLA_01.csv,1800,0.46294525276197607,0.3633520168742358,0.3850435448019481
geom_bias__op_resid_ridge,Prop_010_PLA_01.csv,1800,0.46294525276197607,0.3633520168742358,0.38436161711262773
geom_bias__op_resid_ridge,Prop_010_PLA_01.csv,1800,0.46294525276197607,0.3633520168742358,0.3836413102419466
geom_bias__op_resid_ridge,Prop_010_PLA_01.csv,1900,0.3839086169103178,0.36919319707682435,0.38812405524591964
geom_bias__op_resid_ridge,Prop_010_PLA_01.csv,2000,0.3853487073391929,0.3860382272317339,0.40256743851862115
geom_bias__op_resid_ridge,Prop_010_PLA_01.csv,2000,0.3853487073391929,0.4026348229972711,0.41852093175631205
geom_bias__op_resid_ridge,Prop_010_PLA_01.csv,2000,0.3853487073391929,0.4053644375995723,0.420426664729722
geom_bias__op_resid_ridge,Prop_010_PLA_01.csv,2100,0.3905217414796782,0.4053644375995723,0.4191352830290684
geom_bias__op_resid_ridge,Prop_010_PLA_01.csv,2200,0.4041192327855795,0.4053644375995723,0.41677145355427964
geom_bias__op_resid_ridge,Prop_010_PLA_01.csv,2200,0.4041192327855795,0.4053644375995723,0.41588635297125576
geom_bias__op_resid_ridge,Prop_010_PLA_01.csv,2200,0.4041192327855795,0.4053644375995723,0.4150089329076226
geom_bias__op_resid_ridge,Prop_011_PLA_01.csv,700,0.26102081790766923,0.36334157855858723,0.30940205052822767
geom_bias__op_resid_ridge,Prop_011_PLA_01.csv,800,0.2742050050919068,0.36334157855858723,0.31729429901114
geom_bias__op_resid_ridge,Prop_011_PLA_01.csv,800,0.2742050050919068,0.36334157855858723,0.3172942339529474
geom_bias__op_resid_ridge,Prop_011_PLA_01.csv,800,0.2742050050919068,0.36334157855858723,0.3172941744745305
geom_bias__op_resid_ridge,Prop_011_PLA_01.csv,900,0.2980599701457952,0.36334157855858723,0.3236990045411478
geom_bias__op_resid_ridge,Prop_011_PLA_01.csv,1000,0.2827630079880803,0.36334157855858723,0.32532769480121426
geom_bias__op_resid_ridge,Prop_011_PLA_01.csv,1000,0.2827630079880803,0.36334157855858723,0.3253275126739302
geom_bias__op_resid_ridge,Prop_011_PLA_01.csv,1000,0.2827630079880803,0.36334157855858723,0.3253273514605948
geom_bias__op_resid_ridge,Prop_011_PLA_01.csv,1100,0.29092323529577124,0.36334157855858723,0.3305079523061794
geom_bias__op_resid_ridge,Prop_011_PLA_01.csv,1200,0.2998505067617921,0.36334157855858723,0.3337857012539443
geom_bias__op_resid_ridge,Prop_011_PLA_01.csv,1200,0.2998505067617921,0.36334157855858723,0.3337854237021129
geom_bias__op_resid_ridge,Prop_011_PLA_01.csv,1200,0.2998505067617921,0.36334157855858723,0.3337851635045621
geom_bias__op_resid_ridge,Prop_011_PLA_01.csv,1300,0.30732739595068215,0.36334157855858723,0.33530272165193253
geom_bias__op_resid_ridge,Prop_011_PLA_01.csv,1400,0.6147379037327577,0.36334157855858723,0.33656335093207135
geom_bias__op_resid_ridge,Prop_011_PLA_01.csv,1400,0.6147379037327577,0.36334157855858723,0.33656313994759285
geom_bias__op_resid_ridge,Prop_011_PLA_01.csv,1400,0.6147379037327577,0.36334157855858723,0.33656294255509756
geom_bias__op_resid_ridge,Prop_011_PLA_01.csv,1500,0.3112650180948299,0.36334157855858723,0.337022283004042
geom_bias__op_resid_ridge,Prop_011_PLA_01.csv,1600,0.3179107101162599,0.36334157855858723,0.33737934066093056
geom_bias__op_resid_ridge,Prop_011_PLA_01.csv,1600,0.3179107101162599,0.36334157855858723,0.3373791768111436
geom_bias__op_resid_ridge,Prop_011_PLA_01.csv,1600,0.3179107101162599,0.36334157855858723,0.33737902231369804
geom_bias__op_resid_ridge,Prop_011_PLA_01.csv,1700,0.3295753880610974,0.36334157855858723,0.3374841322560449
geom_bias__op_resid_ridge,Prop_011_PLA_01.csv,1800,0.3450923467659759,0.36334157855858723,0.3372072143103034
geom_bias__op_resid_ridge,Prop_011_PLA_01.csv,1800,0.3450923467659759,0.36334157855858723,0.3372069190556968
geom_bias__op_resid_ridge,Prop_011_PLA_01.csv,1800,0.3450923467659759,0.36334157855858723,0.3370147207748669
geom_bias__op_resid_ridge,Prop_011_PLA_01.csv,1900,0.3433868028570144,0.36334157855858723,0.3362149874433913
geom_bias__op_resid_ridge,Prop_011_PLA_01.csv,2000,0.2921400419818065,0.36334157855858723,0.33553419920662103
geom_bias__op_resid_ridge,Prop_011_PLA_01.csv,2000,0.2921400419818065,0.36334157855858723,0.3351237806943946
geom_bias__op_resid_ridge,Prop_011_PLA_01.csv,2000,0.2921400419818065,0.36334157855858723,0.3346392585380659
geom_bias__op_resid_ridge,Prop_011_PLA_01.csv,2200,0.18387708618627407,0.36334157855858723,0.3318001656500865
geom_bias__op_resid_ridge,Prop_011_PLA_01.csv,2200,0.18387708618627407,0.36334157855858723,0.3312303067650341
geom_bias__op_resid_ridge,Prop_011_PLA_01.csv,2200,0.18387708618627407,0.36334157855858723,0.3306556472200447
geom_bias__op_resid_ridge,Prop_013_PLA_01.csv,400,0.35705796186185157,0.5034385955211194,0.46548394688025696
geom_bias__op_resid_ridge,Prop_013_PLA_01.csv,400,0.35705796186185157,0.5034385955211194,0.46548453060117545
geom_bias__op_resid_ridge,Prop_013_PLA_01.csv,400,0.35705796186185157,0.5034385955211194,0.46548565397934627
geom_bias__op_resid_ridge,Prop_013_PLA_01.csv,500,0.41679512363943216,0.5034385955211194,0.4673332667735019
geom_bias__op_resid_ridge,Prop_013_PLA_01.csv,700,0.34399701378551095,0.5034385955211194,0.5049239736555734
geom_bias__op_resid_ridge,Prop_013_PLA_01.csv,800,0.4397318117268211,0.5034385955211194,0.5173736405582073
geom_bias__op_resid_ridge,Prop_013_PLA_01.csv,800,0.4397318117268211,0.5034385955211194,0.5173739790818899
geom_bias__op_resid_ridge,Prop_013_PLA_01.csv,800,0.4397318117268211,0.5034385955211194,0.5173625935000614
geom_bias__op_resid_ridge,Prop_013_PLA_01.csv,900,0.35207069646204614,0.5034385955211194,0.5186909137006374
geom_bias__op_resid_ridge,Prop_013_PLA_01.csv,1000,0.3422298430269354,0.5034385955211194,0.5246586386049028
geom_bias__op_resid_ridge,Prop_013_PLA_01.csv,1000,0.3422298430269354,0.5034385955211194,0.5246593751133027
geom_bias__op_resid_ridge,Prop_013_PLA_01.csv,1000,0.3422298430269354,0.5034385955211194,0.5246600413463667
geom_bias__op_resid_ridge,Prop_013_PLA_01.csv,1200,0.4064678375227579,0.5034385955211194,0.5268269259877505
geom_bias__op_resid_ridge,Prop_013_PLA_01.csv,1200,0.4064678375227579,0.5034385955211194,0.5268274265536114
geom_bias__op_resid_ridge,Prop_013_PLA_01.csv,1200,0.4064678375227579,0.5034385955211194,0.5268278861055411
geom_bias__op_resid_ridge,Prop_013_PLA_01.csv,1300,0.3627533654481313,0.5034385955211194,0.5269007117259246
geom_bias__op_resid_ridge,Prop_013_PLA_01.csv,1400,0.3677010423670696,0.5034385955211194,0.525901991784181
geom_bias__op_resid_ridge,Prop_013_PLA_01.csv,1400,0.3677010423670696,0.5034385955211194,0.5257562046656625
geom_bias__op_resid_ridge,Prop_013_PLA_01.csv,1400,0.3677010423670696,0.5034385955211194,0.5255152920531663
geom_bias__op_resid_ridge,Prop_013_PLA_01.csv,1500,0.36230870801309595,0.5034385955211194,0.5242830910071188
geom_bias__op_resid_ridge,Prop_013_PLA_01.csv,1600,0.36999097996164776,0.5034385955211194,0.5221501134842846
geom_bias__op_resid_ridge,Prop_013_PLA_01.csv,1600,0.36999097996164776,0.5034385955211194,0.5217673963538042
geom_bias__op_resid_ridge,Prop_013_PLA_01.csv,1600,0.36999097996164776,0.5034385955211194,0.5213520780310594
geom_bias__op_resid_ridge,Prop_013_PLA_01.csv,1700,0.4464798909634423,0.5034385955211194,0.5193689977063257
geom_bias__op_resid_ridge,Prop_013_PLA_01.csv,1800,0.36857828929643754,0.5034385955211194,0.5160618517787291
geom_bias__op_resid_ridge,Prop_013_PLA_01.csv,1800,0.36857828929643754,0.5034385955211194,0.5155833534959813
geom_bias__op_resid_ridge,Prop_013_PLA_01.csv,1800,0.36857828929643754,0.5034385955211194,0.5150869709304297
geom_bias__op_resid_ridge,Prop_013_PLA_01.csv,1900,0.442521317313321,0.5034385955211194,0.5120049707971257
geom_bias__op_resid_ridge,Prop_013_PLA_01.csv,2000,0.37070168802583586,0.5034385955211194,0.5094169485316872
geom_bias__op_resid_ridge,Prop_013_PLA_01.csv,2000,0.37070168802583586,0.5034385955211194,0.5088952451784873
geom_bias__op_resid_ridge,Prop_013_PLA_01.csv,2000,0.37070168802583586,0.5034385955211194,0.5083655022068863
geom_bias__op_resid_ridge,Prop_013_PLA_01.csv,2700,0.44209581752336846,0.5038872992388841,0.48196910540938315
geom_bias__op_resid_ridge,Prop_013_PLA_01.csv,2800,0.4287805491879198,0.5038872992388841,0.47666528728078694
geom_bias__op_resid_ridge,Prop_013_PLA_01.csv,2800,0.4287805491879198,0.5038872992388841,0.47622764153502045
geom_bias__op_resid_ridge,Prop_013_PLA_01.csv,2800,0.4287805491879198,0.5280683928725347,0.5000208566613997
geom_bias__op_resid_ridge,Prop_013_PLA_01.csv,3200,0.37731889256645174,0.5280683928725347,0.48556851112444327
geom_bias__op_resid_ridge,Prop_013_PLA_01.csv,3200,0.37731889256645174,0.5280683928725347,0.48530236933341697
geom_bias__op_resid_ridge,Prop_013_PLA_01.csv,3200,0.37731889256645174,0.5280683928725347,0.48505449467111855
geom_bias__op_resid_ridge,Prop_013_PLA_01.csv,3300,0.35921503484150913,0.5280683928725347,0.48048304556656657
geom_bias__op_resid_ridge,Prop_013_PLA_01.csv,3400,0.3563769001893811,0.5280683928725347,0.4792377598102785
geom_bias__op_resid_ridge,Prop_013_PLA_01.csv,3400,0.3563769001893811,0.5280683928725347,0.4790160970136217
geom_bias__op_resid_ridge,Prop_013_PLA_01.csv,3400,0.3563769001893811,0.5280683928725347,0.478794470830128
geom_bias__op_resid_ridge,Prop_013_PLA_01.csv,3500,0.3413536520803942,0.5280683928725347,0.4747246095516363
geom_bias__op_resid_ridge,Prop_013_PLA_01.csv,3600,0.3266663125670174,0.5280683928725347,0.47117641281824846
geom_bias__op_resid_ridge,Prop_013_PLA_01.csv,3600,0.3266663125670174,0.5280683928725347,0.4709770977449172
geom_bias__op_resid_ridge,Prop_013_PLA_01.csv,3600,0.3266663125670174,0.5316181885908532,0.4743381048820983
geom_bias__op_resid_ridge,Prop_014_T2K_01.csv,400,0.3459358937452368,0.4431917055330671,0.36797877905995996
geom_bias__op_resid_ridge,Prop_014_T2K_01.csv,400,0.3459358937452368,0.4431917055330671,0.3679799014658841
geom_bias__op_resid_ridge,Prop_014_T2K_01.csv,400,0.3459358937452368,0.4431917055330671,0.3679854447255496
geom_bias__op_resid_ridge,Prop_014_T2K_01.csv,500,0.5117398567472252,0.4431917055330671,0.36969892555721234
geom_bias__op_resid_ridge,Prop_014_T2K_01.csv,600,0.8638409231753639,0.4431917055330671,0.3956130773753927
geom_bias__op_resid_ridge,Prop_014_T2K_01.csv,600,0.8638409231753639,0.4431917055330671,0.3956161330349154
geom_bias__op_resid_ridge,Prop_014_T2K_01.csv,600,0.8638409231753639,0.4431917055330671,0.3956187106922061
geom_bias__op_resid_ridge,Prop_014_T2K_01.csv,700,0.4231700925664941,0.4431917055330671,0.39788030521478235
geom_bias__op_resid_ridge,Prop_014_T2K_01.csv,800,0.4921560672093153,0.4431917055330671,0.4046813322364906
geom_bias__op_resid_ridge,Prop_014_T2K_01.csv,800,0.4921560672093153,0.4431917055330671,0.4046273009110141
geom_bias__op_resid_ridge,Prop_014_T2K_01.csv,800,0.4921560672093153,0.4431917055330671,0.4046319512059334
geom_bias__op_resid_ridge,Prop_014_T2K_01.csv,900,0.47435743414588316,0.4431917055330671,0.412040652279752
geom_bias__op_resid_ridge,Prop_014_T2K_01.csv,1000,0.5512972475519214,0.4431917055330671,0.4142615231664988
geom_bias__op_resid_ridge,Prop_014_T2K_01.csv,1000,0.5512972475519214,0.4431917055330671,0.4142649983605642
geom_bias__op_resid_ridge,Prop_014_T2K_01.csv,1000,0.5512972475519214,0.4431917055330671,0.4142681463252304
geom_bias__op_resid_ridge,Prop_014_T2K_01.csv,1100,0.4905969489925502,0.4431917055330671,0.4151217065449927
geom_bias__op_resid_ridge,Prop_014_T2K_01.csv,1200,0.48845423599620735,0.4431917055330671,0.416883659955252
geom_bias__op_resid_ridge,Prop_014_T2K_01.csv,1200,0.48845423599620735,0.4431917055330671,0.41682317699684646
geom_bias__op_resid_ridge,Prop_014_T2K_01.csv,1200,0.48845423599620735,0.4431917055330671,0.4166264453227582
geom_bias__op_resid_ridge,Prop_014_T2K_01.csv,1300,0.638946723638777,0.4431917055330671,0.41666968029086526
geom_bias__op_resid_ridge,Prop_014_T2K_01.csv,1400,0.5100880302322778,0.4431917055330671,0.4162292808477807
geom_bias__op_resid_ridge,Prop_014_T2K_01.csv,1400,0.5100880302322778,0.4431917055330671,0.4157733900374212
geom_bias__op_resid_ridge,Prop_014_T2K_01.csv,1400,0.5100880302322778,0.4431917055330671,0.4152707006326305
geom_bias__op_resid_ridge,Prop_014_T2K_01.csv,1500,0.5357086450199876,0.4675798918641735,0.4380641844664584
geom_bias__op_resid_ridge,Prop_014_T2K_01.csv,1600,0.5322177291973568,0.4698699726656044,0.43934179164807713
geom_bias__op_resid_ridge,Prop_014_T2K_01.csv,1600,0.5322177291973568,0.4698699726656044,0.4387294533504917
geom_bias__op_resid_ridge,Prop_014_T2K_01.csv,1600,0.5322177291973568,0.4698699726656044,0.4380932924968584
geom_bias__op_resid_ridge,Prop_014_T2K_01.csv,1700,0.5295654057822616,0.4698699726656044,0.4362114670608913
geom_bias__op_resid_ridge,Prop_014_T2K_01.csv,1800,0.5413785957653819,0.4698699726656044,0.43397142690018997
geom_bias__op_resid_ridge,Prop_014_T2K_01.csv,1800,0.5413785957653819,0.4698699726656044,0.4332936551217687
geom_bias__op_resid_ridge,Prop_014_T2K_01.csv,1800,0.5413785957653819,0.4834541530651365,0.4460225963404111
geom_bias__op_resid_ridge,Prop_014_T2K_01.csv,1900,0.7093932691625864,0.4834541530651365,0.44417981658054295
geom_bias__op_resid_ridge,Prop_014_T2K_01.csv,2000,0.5085116864128962,0.4834541530651365,0.44210099959522575
geom_bias__op_resid_ridge,Prop_014_T2K_01.csv,2000,0.5085116864128962,0.4834541530651365,0.4413982411410621
geom_bias__op_resid_ridge,Prop_014_T2K_01.csv,2000,0.5085116864128962,0.4834541530651365,0.4406849763642919
geom_bias__op_resid_ridge,Prop_014_T2K_01.csv,2200,0.38166385683401816,0.4834541530651365,0.43507692539983206
geom_bias__op_resid_ridge,Prop_014_T2K_01.csv,2200,0.38166385683401816,0.4834541530651365,0.4343580113181165
geom_bias__op_resid_ridge,Prop_014_T2K_01.csv,2200,0.38166385683401816,0.4834541530651365,0.43363765605742316
geom_bias__op_resid_ridge,Prop_016_PLA_01.csv,400,0.4702838897579483,0.4860063785630061,0.48101871463704104
geom_bias__op_resid_ridge,Prop_016_PLA_01.csv,400,0.4702838897579483,0.4860063785630061,0.4810135291377002
geom_bias__op_resid_ridge,Prop_016_PLA_01.csv,400,0.4702838897579483,0.4860063785630061,0.4810174317257408
geom_bias__op_resid_ridge,Prop_016_PLA_01.csv,600,0.4515656983152315,0.4860063785630061,0.4984141155044222
geom_bias__op_resid_ridge,Prop_016_PLA_01.csv,600,0.4515656983152315,0.4860063785630061,0.49841631862540997
geom_bias__op_resid_ridge,Prop_016_PLA_01.csv,600,0.4515656983152315,0.4860063785630061,0.49841816395641486
geom_bias__op_resid_ridge,Prop_016_PLA_01.csv,800,0.4535505298560336,0.4860063785630061,0.5103045133339279
geom_bias__op_resid_ridge,Prop_016_PLA_01.csv,800,0.4535505298560336,0.4860063785630061,0.5102668644976003
geom_bias__op_resid_ridge,Prop_016_PLA_01.csv,800,0.4535505298560336,0.4860063785630061,0.5102702025484235
geom_bias__op_resid_ridge,Prop_016_PLA_01.csv,1000,0.47029236906592514,0.4860063785630061,0.5132829202315031
geom_bias__op_resid_ridge,Prop_016_PLA_01.csv,1000,0.47029236906592514,0.4860063785630061,0.5132853308577583
geom_bias__op_resid_ridge,Prop_016_PLA_01.csv,1000,0.47029236906592514,0.4860063785630061,0.513208364933663
geom_bias__op_resid_ridge,Prop_016_PLA_01.csv,1200,0.48966175428810566,0.4860063785630061,0.5121059280679257
geom_bias__op_resid_ridge,Prop_016_PLA_01.csv,1200,0.48966175428810566,0.4860063785630061,0.5113015826683321
geom_bias__op_resid_ridge,Prop_016_PLA_01.csv,1200,0.48966175428810566,0.4860063785630061,0.510386672463775
geom_bias__op_resid_ridge,Prop_016_PLA_01.csv,1300,0.47934382670420017,0.4860063785630061,0.5074824752041553
geom_bias__op_resid_ridge,Prop_016_PLA_01.csv,1400,0.6125483609850669,0.4860063785630061,0.505722418751802
geom_bias__op_resid_ridge,Prop_016_PLA_01.csv,1400,0.6125483609850669,0.4860063785630061,0.5045760418959666
geom_bias__op_resid_ridge,Prop_016_PLA_01.csv,1400,0.6125483609850669,0.4860063785630061,0.5033909358264744
geom_bias__op_resid_ridge,Prop_016_PLA_01.csv,1500,0.48783445544321136,0.4860063785630061,0.4994359753634831
geom_bias__op_resid_ridge,Prop_016_PLA_01.csv,1600,0.4939656317466757,0.4860063785630061,0.4957595069968193
geom_bias__op_resid_ridge,Prop_016_PLA_01.csv,1600,0.4939656317466757,0.4860063785630061,0.49448240350863165
geom_bias__op_resid_ridge,Prop_016_PLA_01.csv,1600,0.4939656317466757,0.4860063785630061,0.4931750060020234
geom_bias__op_resid_ridge,Prop_016_PLA_01.csv,1700,0.4974774619520391,0.4860063785630061,0.4889696478021917
geom_bias__op_resid_ridge,Prop_016_PLA_01.csv,1800,0.5029881953030944,0.4860063785630061,0.48693072847148844
geom_bias__op_resid_ridge,Prop_016_PLA_01.csv,1800,0.5029881953030944,0.4860063785630061,0.4855845896813091
geom_bias__op_resid_ridge,Prop_016_PLA_01.csv,1800,0.5029881953030944,0.4860063785630061,0.484235259780659
geom_bias__op_resid_ridge,Prop_016_PLA_01.csv,1900,0.5021922855363021,0.4860063785630061,0.4800679258956922
geom_bias__op_resid_ridge,Prop_018_PLA_01.csv,400,0.3485287970081695,0.34277382660956424,0.3514529747936802
geom_bias__op_resid_ridge,Prop_018_PLA_01.csv,400,0.3485287970081695,0.34277382660956424,0.3515090463251064
geom_bias__op_resid_ridge,Prop_018_PLA_01.csv,400,0.3485287970081695,0.34277382660956424,0.351505991105042
geom_bias__op_resid_ridge,Prop_018_PLA_01.csv,500,0.34766554151225926,0.34277382660956424,0.35190700887307097
geom_bias__op_resid_ridge,Prop_018_PLA_01.csv,700,0.39566894370456573,0.34277382660956424,0.3737497148303833
geom_bias__op_resid_ridge,Prop_018_PLA_01.csv,800,0.4085917507239492,0.34277382660956424,0.38010636780258433
geom_bias__op_resid_ridge,Prop_018_PLA_01.csv,800,0.4085917507239492,0.34277382660956424,0.38010533024265225
geom_bias__op_resid_ridge,Prop_018_PLA_01.csv,800,0.4085917507239492,0.34277382660956424,0.38010439089827214
geom_bias__op_resid_ridge,Prop_018_PLA_01.csv,1000,0.3940834575804634,0.34277382660956424,0.38613293266327103
geom_bias__op_resid_ridge,Prop_018_PLA_01.csv,1000,0.3940834575804634,0.34277382660956424,0.386132249543747
geom_bias__op_resid_ridge,Prop_018_PLA_01.csv,1000,0.3940834575804634,0.34277382660956424,0.3861316298170796
geom_bias__op_resid_ridge,Prop_018_PLA_01.csv,1100,0.4165103690401646,0.34277382660956424,0.3862329379200473
geom_bias__op_resid_ridge,Prop_018_PLA_01.csv,1200,0.512319198236699,0.34277382660956424,0.3870145553363352
geom_bias__op_resid_ridge,Prop_018_PLA_01.csv,1200,0.512319198236699,0.34277382660956424,0.3870140800486128
geom_bias__op_resid_ridge,Prop_018_PLA_01.csv,1200,0.512319198236699,0.34277382660956424,0.3870136418746973
geom_bias__op_resid_ridge,Prop_018_PLA_01.csv,1300,0.4314994352653804,0.34277382660956424,0.38701170131508206
geom_bias__op_resid_ridge,Prop_018_PLA_01.csv,1400,0.43751088548657896,0.34277382660956424,0.386547833103234
geom_bias__op_resid_ridge,Prop_018_PLA_01.csv,1400,0.43751088548657896,0.34277382660956424,0.38654748357401836
geom_bias__op_resid_ridge,Prop_018_PLA_01.csv,1400,0.43751088548657896,0.34277382660956424,0.3865471576168545
geom_bias__op_resid_ridge,Prop_018_PLA_01.csv,1500,0.4376738467704004,0.34277382660956424,0.3855972437255337
geom_bias__op_resid_ridge,Prop_018_PLA_01.csv,1600,0.4540953289510285,0.34277382660956424,0.383890735935103
geom_bias__op_resid_ridge,Prop_018_PLA_01.csv,1600,0.4540953289510285,0.34277382660956424,0.3828961248564377
geom_bias__op_resid_ridge,Prop_018_PLA_01.csv,1600,0.4540953289510285,0.34277382660956424,0.3818042016044513
geom_bias__op_resid_ridge,Prop_018_PLA_01.csv,1700,0.44924608635487107,0.34277382660956424,0.3790914437838133
geom_bias__op_resid_ridge,Prop_018_PLA_01.csv,1900,0.479950344170319,0.3460474562394683,0.37435137040634325
geom_bias__op_resid_ridge,Prop_018_PLA_01.csv,2000,0.4537761312584652,0.3460474562394683,0.37297680097495917
geom_bias__op_resid_ridge,Prop_018_PLA_01.csv,2000,0.4537761312584652,0.3460474562394683,0.3717166377419526
geom_bias__op_resid_ridge,Prop_018_PLA_01.csv,2000,0.4537761312584652,0.3460474562394683,0.3704020046413237
geom_bias__op_resid_ridge,Prop_018_PLA_01.csv,2200,0.44768519612308305,0.38534870733919285,0.4027195937430686
geom_bias__op_resid_ridge,Prop_018_PLA_01.csv,2200,0.44768519612308305,0.38873212117592,0.4047143087414314
geom_bias__op_resid_ridge,Prop_018_PLA_01.csv,2200,0.44768519612308305,0.39531075375245606,0.40992065328755445
geom_bias__op_resid_ridge,Prop_018_PLA_01.csv,2700,0.5523736024236116,0.4378446949693581,0.43268272231015076
geom_bias__op_resid_ridge,Prop_018_PLA_01.csv,2800,0.5337597322734028,0.4378446949693581,0.4292646175768536
geom_bias__op_resid_ridge,Prop_018_PLA_01.csv,2800,0.5337597322734028,0.4378446949693581,0.42850447404970476
geom_bias__op_resid_ridge,Prop_018_PLA_01.csv,2800,0.5337597322734028,0.4378446949693581,0.4276748657978368
geom_bias__op_resid_ridge,Prop_018_PLA_01.csv,3200,0.4636260044575147,0.4434807166949339,0.41964092577059475
geom_bias__op_resid_ridge,Prop_018_PLA_01.csv,3200,0.4636260044575147,0.45270803577193464,0.4284910900078815
geom_bias__op_resid_ridge,Prop_018_PLA_01.csv,3200,0.4636260044575147,0.4652034132648128,0.44060166541457846
geom_bias__op_resid_ridge,Prop_018_PLA_01.csv,3300,0.43900197117645656,0.4652034132648128,0.4376434546430779
geom_bias__op_resid_ridge,Prop_018_PLA_01.csv,3400,0.4307152078114153,0.4920375043823651,0.4627052338863781
geom_bias__op_resid_ridge,Prop_018_PLA_01.csv,3400,0.4307152078114153,0.4920375043823651,0.46246795478117186
geom_bias__op_resid_ridge,Prop_018_PLA_01.csv,3400,0.4307152078114153,0.4920375043823651,0.4622327152060811
geom_bias__op_resid_ridge,Prop_018_PLA_01.csv,3500,0.41408921819589,0.4920375043823651,0.459737142089708
geom_bias__op_resid_ridge,Prop_018_PLA_01.csv,3600,0.39973074707544903,0.4920375043823651,0.4572701903901105
geom_bias__op_resid_ridge,Prop_018_PLA_01.csv,3600,0.39973074707544903,0.4920375043823651,0.4570479238634843
geom_bias__op_resid_ridge,Prop_018_PLA_01.csv,3600,0.39973074707544903,0.4920375043823651,0.45682525915943933
geom_bias__op_resid_ridge,Prop_018_PLA_01.csv,3700,0.40387855859544003,0.4920375043823651,0.4537987679515368
geom_bias__op_resid_ridge,Prop_024_PLA_01.csv,500,0.4631418191080518,0.4818406676583114,0.5006677819676384
geom_bias__op_resid_ridge,Prop_024_PLA_01.csv,600,0.4957171857564031,0.4818406676583114,0.5147838090329703
geom_bias__op_resid_ridge,Prop_024_PLA_01.csv,600,0.4957171857564031,0.4818406676583114,0.5147855868065445
geom_bias__op_resid_ridge,Prop_024_PLA_01.csv,600,0.4957171857564031,0.4818406676583114,0.5147870930017885
geom_bias__op_resid_ridge,Prop_024_PLA_01.csv,700,0.5070372556377671,0.4818406676583114,0.5149639084789496
geom_bias__op_resid_ridge,Prop_024_PLA_01.csv,800,0.5081526069099566,0.4818406676583114,0.5190470792179421
geom_bias__op_resid_ridge,Prop_024_PLA_01.csv,800,0.5081526069099566,0.4818406676583114,0.5190505642811171
geom_bias__op_resid_ridge,Prop_024_PLA_01.csv,800,0.5081526069099566,0.4818406676583114,0.5190536549955184
geom_bias__op_resid_ridge,Prop_024_PLA_01.csv,900,0.5241776782004647,0.4818406676583114,0.5202670329700781
geom_bias__op_resid_ridge,Prop_024_PLA_01.csv,1000,0.5096201381813997,0.4818406676583114,0.5202325937856646
geom_bias__op_resid_ridge,Prop_024_PLA_01.csv,1000,0.5096201381813997,0.4818406676583114,0.5198178578103541
geom_bias__op_resid_ridge,Prop_024_PLA_01.csv,1000,0.5096201381813997,0.4818406676583114,0.5189707690098826
geom_bias__op_resid_ridge,Prop_024_PLA_01.csv,1100,0.5244211468444315,0.4818406676583114,0.5164848103158811
geom_bias__op_resid_ridge,Prop_024_PLA_01.csv,1200,0.542689027534784,0.4818406676583114,0.514353756599897
geom_bias__op_resid_ridge,Prop_024_PLA_01.csv,1200,0.542689027534784,0.4818406676583114,0.5130394137234332
geom_bias__op_resid_ridge,Prop_024_PLA_01.csv,1200,0.542689027534784,0.4818406676583114,0.5116541578635793
geom_bias__op_resid_ridge,Prop_024_PLA_01.csv,1300,0.5287701460019824,0.4818406676583114,0.5081641669394282
geom_bias__op_resid_ridge,Prop_024_PLA_01.csv,1400,0.5408871558568942,0.4818406676583114,0.5038362004347187
geom_bias__op_resid_ridge,Prop_024_PLA_01.csv,1400,0.5408871558568942,0.4818406676583114,0.5023293354792003
geom_bias__op_resid_ridge,Prop_024_PLA_01.csv,1400,0.5408871558568942,0.4818406676583114,0.5007920639311082
geom_bias__op_resid_ridge,Prop_024_PLA_01.csv,1500,0.5396830331778408,0.4818406676583114,0.4952328255447358
geom_bias__op_resid_ridge,Prop_024_PLA_01.csv,1600,0.5368193778843344,0.7153078948100798,0.7221875758678191
geom_bias__op_resid_ridge,Prop_024_PLA_01.csv,1600,0.5368193778843344,0.7183360724692437,0.7239147284509257
geom_bias__op_resid_ridge,Prop_024_PLA_01.csv,1600,0.5368193778843344,0.7214224208177371,0.7256996609147562
geom_bias__op_resid_ridge,Prop_025_PLA_01.csv,800,0.22996331529253927,0.2823391578179246,0.28336902934137886
geom_bias__op_resid_ridge,Prop_025_PLA_01.csv,800,0.22996331529253927,0.2823391578179246,0.28336901615503435
geom_bias__op_resid_ridge,Prop_025_PLA_01.csv,800,0.22996331529253927,0.2823391578179246,0.28336900394413483
geom_bias__op_resid_ridge,Prop_025_PLA_01.csv,900,0.3500465174774474,0.2823391578179246,0.2875207738190903
geom_bias__op_resid_ridge,Prop_025_PLA_01.csv,1000,0.2668801195276298,0.2823391578179246,0.29067928821621164
geom_bias__op_resid_ridge,Prop_025_PLA_01.csv,1000,0.2668801195276298,0.2823391578179246,0.2906792640838189
geom_bias__op_resid_ridge,Prop_025_PLA_01.csv,1000,0.2668801195276298,0.2823391578179246,0.2906792421098017
geom_bias__op_resid_ridge,Prop_025_PLA_01.csv,1100,0.259350668612475,0.2823391578179246,0.2910179369423176
geom_bias__op_resid_ridge,Prop_025_PLA_01.csv,1300,0.27277192772345116,0.2823391578179246,0.2921717127635165
geom_bias__op_resid_ridge,Prop_025_PLA_01.csv,1500,0.1892056682459034,0.29708968014048076,0.3041789966204857
geom_bias__op_resid_ridge,Prop_025_PLA_01.csv,1600,0.28945120285057835,0.3066830450609747,0.3123293854064787
geom_bias__op_resid_ridge,Prop_025_PLA_01.csv,1600,0.28945120285057835,0.3089156046614394,0.31364525691708894
geom_bias__op_resid_ridge,Prop_025_PLA_01.csv,1600,0.28945120285057835,0.3089156046614394,0.3123945036893627
geom_bias__op_resid_ridge,Prop_025_PLA_01.csv,1700,0.2852560621730741,0.3089156046614394,0.3100874034457158
geom_bias__op_resid_ridge,Prop_025_PLA_01.csv,1800,0.2906467719414362,0.3115217649687308,0.30972725138622986
geom_bias__op_resid_ridge,Prop_025_PLA_01.csv,1800,0.2906467719414362,0.31448526302511987,0.3115261260636015
geom_bias__op_resid_ridge,Prop_025_PLA_01.csv,1800,0.2906467719414362,0.3175644220041101,0.31342861595985805
geom_bias__op_resid_ridge,Prop_025_PLA_01.csv,1900,0.24852595447130052,0.3177479696012165,0.31222243279035083
geom_bias__op_resid_ridge,Prop_025_PLA_01.csv,2000,0.30050771597262466,0.3177479696012165,0.30885606325332293
geom_bias__op_resid_ridge,Prop_025_PLA_01.csv,2000,0.30050771597262466,0.3177479696012165,0.30765797578443294
geom_bias__op_resid_ridge,Prop_025_PLA_01.csv,2000,0.30050771597262466,0.3177479696012165,0.3065121518635192
geom_bias__op_resid_ridge,Prop_025_PLA_01.csv,2800,0.30378057801514874,0.3600818900750239,0.31857108679728063
geom_bias__op_resid_ridge,Prop_025_PLA_01.csv,2800,0.30378057801514874,0.3947400993774608,0.3504136290754001
geom_bias__op_resid_ridge,Prop_025_PLA_01.csv,2800,0.30378057801514874,0.3947400993774608,0.3494256881735406
geom_bias__op_resid_ridge,Prop_025_PLA_01.csv,2900,0.2917850802310832,0.3947400993774608,0.34614640274943215
geom_bias__op_resid_ridge,Prop_025_PLA_01.csv,3000,0.2969438773302437,0.3947400993774608,0.34502638161894367
geom_bias__op_resid_ridge,Prop_025_PLA_01.csv,3000,0.2969438773302437,0.3947400993774608,0.344732925956728
geom_bias__op_resid_ridge,Prop_025_PLA_01.csv,3000,0.2969438773302437,0.3947400993774608,0.34447234019465467
geom_bias__op_resid_ridge,Prop_025_PLA_01.csv,3300,0.2638884315694527,0.42109968495132694,0.361204935810695
geom_bias__op_resid_ridge,Prop_025_PLA_01.csv,3400,0.26338585010504106,0.42109968495132694,0.359730466790936
geom_bias__op_resid_ridge,Prop_025_PLA_01.csv,3400,0.26338585010504106,0.42109968495132694,0.35956435090527616
geom_bias__op_resid_ridge,Prop_025_PLA_01.csv,3400,0.26338585010504106,0.42109968495132694,0.3594032346604579
geom_bias__op_resid_ridge,Prop_025_PLA_01.csv,3500,0.2498029211366182,0.42109968495132694,0.35712236411542153
geom_bias__op_resid_ridge,Prop_025_PLA_01.csv,3600,0.23571098234975166,0.42109968495132694,0.3552734928098449
geom_bias__op_resid_ridge,Prop_025_PLA_01.csv,3600,0.23571098234975166,0.42109968495132694,0.3551433945565879
geom_bias__op_resid_ridge,Prop_025_PLA_01.csv,3600,0.23571098234975166,0.42109968495132694,0.35501389653511267
geom_bias__op_resid_ridge,Prop_025_PLA_01.csv,3800,0.21879170371823647,0.42109968495132694,0.3509584463132182
geom_bias__op_resid_ridge,Prop_025_PLA_01.csv,3800,0.21879170371823647,0.42109968495132694,0.350849404710043
geom_bias__op_resid_ridge,Prop_025_PLA_01.csv,3800,0.21879170371823647,0.42109968495132694,0.3507353339780989
geom_bias__op_resid_ridge,Prop_025_PLA_01.csv,3900,0.21477913019017705,0.42109968495132694,0.3471489121221434
