k_id,AR,lambda,twist,alpha,v,predicted_performance,model_uncertainty_std,pred_std,95_conf_lower,95_conf_upper
CR_101,18.925,0.5126,-3.2208,5.0,22.624,3.91525896792785,0.3421503844966807,0.3421503844966807,1.442496902923697,6.388021032932003
CR_101,18.925,0.5126,-3.2208,5.050251256281407,22.624,3.950330995637492,0.34117876735506525,0.34117876735506525,1.4845909248158935,6.416071066459091
CR_101,18.925,0.5126,-3.2208,5.100502512562814,22.624,3.9850762064080048,0.34022557628057964,0.34022557628057964,1.5262249623610882,6.443927450454922
CR_101,18.925,0.5126,-3.2208,5.150753768844221,22.624,4.0194904892727426,0.3392905177929723,0.3392905177929723,1.5673970256097847,6.471583952935701
CR_101,18.925,0.5126,-3.2208,5.201005025125628,22.624,4.053569826599683,0.33837331530796877,0.33837331530796877,1.6081050958378462,6.4990345573615205
CR_101,18.925,0.5126,-3.2208,5.251256281407035,22.624,4.087310295158084,0.33747370887082623,0.33747370887082623,1.6483471285387865,6.526273461777382
CR_101,18.925,0.5126,-3.2208,5.301507537688442,22.624,4.120708067148927,0.33659145486116326,0.33659145486116326,1.6881210565874447,6.553295077710409
CR_101,18.925,0.5126,-3.2208,5.351758793969849,22.624,4.153759411199217,0.3357263256706055,0.3357263256706055,1.7274247935639795,6.580094028834454
CR_101,18.925,0.5126,-3.2208,5.402010050251256,22.624,4.186460693319751,0.3348781093536124,0.3348781093536124,1.7662562372351531,6.60666514940435
CR_101,18.925,0.5126,-3.2208,5.452261306532663,22.624,4.218808377826211,0.33404660925282986,0.33404660925282986,1.804613273183047,6.633003482469375
CR_101,18.925,0.5126,-3.2208,5.50251256281407,22.624,4.250799028222482,0.3332316435997205,0.3332316435997205,1.8424937785746716,6.659104277870292
CR_101,18.925,0.5126,-3.2208,5.552763819095477,22.624,4.282429308046138,0.3324330450914621,0.3324330450914621,1.879895626065263,6.684962990027014
CR_101,18.925,0.5126,-3.2208,5.603015075376884,22.624,4.3136959816760365,0.33165066044533015,0.33165066044533015,1.9168166878263997,6.710575275525674
CR_101,18.925,0.5126,-3.2208,5.653266331658291,22.624,4.344595915102135,0.33088434993120536,0.33088434993120536,1.9532548396944538,6.735936990509817
CR_101,18.925,0.5126,-3.2208,5.703517587939698,22.624,4.375126076654412,0.3301339868836851,0.3301339868836851,1.9892079654255332,6.761044187883291
CR_101,18.925,0.5126,-3.2208,5.7537688442211055,22.624,4.4052835376954995,0.3293994571946213,0.3293994571946213,2.0246739610556084,6.785893114335391
CR_101,18.925,0.5126,-3.2208,5.8040201005025125,22.624,4.435065473271613,0.32868065878725977,0.32868065878725977,2.059650739351901,6.810480207191325
CR_101,18.925,0.5126,-3.2208,5.8542713567839195,22.624,4.4644691627246065,0.32797750107308293,0.32797750107308293,2.0941362343503984,6.8348020910988145
CR_101,18.925,0.5126,-3.2208,5.9045226130653266,22.624,4.493491990265001,0.32728990439229716,0.32728990439229716,2.1281284059725514,6.858855574557451
CR_101,18.925,0.5126,-3.2208,5.954773869346734,22.624,4.522131445503378,0.3266177994397194,0.3266177994397194,2.161625244705851,6.882637646300905
CR_101,18.925,0.5126,-3.2208,6.005025125628141,22.624,4.5503851239421405,0.3259611266764654,0.3259611266764654,2.1946247763473936,6.906145471536887
CR_101,18.925,0.5126,-3.2208,6.055276381909548,22.624,4.5782507274269175,0.3253198357290912,0.3253198357290912,2.227125066797758,6.9293763880560775
CR_101,18.925,0.5126,-3.2208,6.105527638190955,22.624,4.60572606455649,0.32469388477749367,0.32469388477749367,2.2591242268946505,6.952327902218329
CR_101,18.925,0.5126,-3.2208,6.155778894472362,22.624,4.632809051052851,0.32408323993231763,0.32408323993231763,2.2906204172825193,6.974997684823182
CR_101,18.925,0.5126,-3.2208,6.206030150753769,22.624,4.659497710088946,0.3234878746037475,0.3234878746037475,2.3216118533021115,6.99738356687578
CR_101,18.925,0.5126,-3.2208,6.256281407035176,22.624,4.6857901725765645,0.3229077688623669,0.3229077688623669,2.3520968098975104,7.019483535255619
CR_101,18.925,0.5126,-3.2208,6.306532663316583,22.624,4.711684677411457,0.3223429087937529,0.3223429087937529,2.3820736265256777,7.041295728297236
CR_101,18.925,0.5126,-3.2208,6.35678391959799,22.624,4.737179571678591,0.3217932858480531,0.3217932858480531,2.411540712062395,7.062818431294787
CR_101,18.925,0.5126,-3.2208,6.407035175879397,22.624,4.762273310815141,0.3212588961857062,0.3212588961857062,2.440496549693809,7.084050071936473
CR_101,18.925,0.5126,-3.2208,6.457286432160804,22.624,4.786964458731799,0.3207397400206113,0.3207397400206113,2.4689397017847377,7.104989215678861
CR_101,18.925,0.5126,-3.2208,6.507537688442211,22.624,4.811251687893285,0.3202358209624575,0.3202358209624575,2.4968688147122413,7.125634561074328
CR_101,18.925,0.5126,-3.2208,6.557788944723618,22.624,4.835133779356698,0.3197471453591653,0.3197471453591653,2.524282623656234,7.145984935057163
CR_101,18.925,0.5126,-3.2208,6.608040201005025,22.624,4.8586096227686,0.3192737216407638,0.3192737216407638,2.551179957338441,7.166039288198759
CR_101,18.925,0.5126,-3.2208,6.658291457286432,22.624,4.8816782163211485,0.3188155596666411,0.3188155596666411,2.5775597426960335,7.1857966899462635
CR_101,18.925,0.5126,-3.2208,6.708542713567839,22.624,4.904338666665532,0.31837267007657816,0.31837267007657816,2.60342100948522,7.205256323845843
CR_101,18.925,0.5126,-3.2208,6.758793969849246,22.624,4.926590188785532,0.3179450636479504,0.3179450636479504,2.628762894800393,7.224417482770671
CR_101,18.925,0.5126,-3.2208,6.809045226130653,22.624,4.9484321058287675,0.31753275065965836,0.31753275065965836,2.6535846475023166,7.243279564155218
CR_101,18.925,0.5126,-3.2208,6.85929648241206,22.624,4.969863848896972,0.31713574026465974,0.31713574026465974,2.677885632543197,7.2618420652507485
CR_101,18.925,0.5126,-3.2208,6.909547738693467,22.624,4.990884956795808,0.31675403987197615,0.31675403987197615,2.701665335182803,7.280104578408814
CR_101,18.925,0.5126,-3.2208,6.959798994974874,22.624,5.0114950757431185,0.31638765454006007,0.31638765454006007,2.7249233650809335,7.298066786405304
CR_101,18.925,0.5126,-3.2208,7.010050251256281,22.624,5.031693959036989,0.31603658638223264,0.31603658638223264,2.747659460262447,7.315728457811531
CR_101,18.925,0.5126,-3.2208,7.060301507537689,22.624,5.051481466682364,0.3157008339861889,0.3157008339861889,2.7698734909391853,7.333089442425543
CR_101,18.925,0.5126,-3.2208,7.110552763819095,22.624,5.070857564978739,0.31538039184784683,0.31538039184784683,2.7915654631893094,7.350149666768168
CR_101,18.925,0.5126,-3.2208,7.160804020100503,22.624,5.08982232606713,0.31507524982199575,0.31507524982199575,2.8127355224744948,7.366909129659764
CR_101,18.925,0.5126,-3.2208,7.211055276381909,22.624,5.10837592743608,0.31478539258976734,0.31478539258976734,2.8333839569945924,7.383367897877567
CR_101,18.925,0.5126,-3.2208,7.261306532663317,22.624,5.126518651389842,0.3145107991449977,0.3145107991449977,2.853511200867934,7.399526101911751
CR_101,18.925,0.5126,-3.2208,7.311557788944723,22.624,5.144250884476399,0.3142514423001452,0.3142514423001452,2.873117837130141,7.4153839318226575
CR_101,18.925,0.5126,-3.2208,7.361809045226131,22.624,5.161573116876371,0.31400728821279345,0.31400728821279345,2.892204600545056,7.430941633207687
CR_101,18.925,0.5126,-3.2208,7.4120603015075375,22.624,5.17848594175298,0.31377829593415724,0.31377829593415724,2.910772380217707,7.446199503288253
CR_101,18.925,0.5126,-3.2208,7.462311557788945,22.624,5.194990054564774,0.313564416980106,0.313564416980106,2.928822222007297,7.461157887122251
CR_101,18.925,0.5126,-3.2208,7.5125628140703515,22.624,5.211086252339135,0.31336559492611477,0.31336559492611477,2.9463553307280512,7.475817173950219
CR_101,18.925,0.5126,-3.2208,7.5628140703517595,22.624,5.226775432908629,0.31318176502630324,0.31318176502630324,2.963373072138814,7.490177793678444
CR_101,18.925,0.5126,-3.2208,7.613065326633166,22.624,5.242058594109712,0.31301285385828714,0.31301285385828714,2.9798769747084624,7.504240213510961
CR_101,18.925,0.5126,-3.2208,7.6633165829145735,22.624,5.256936832945915,0.31285877899357767,0.31285877899357767,2.9958687311611514,7.51800493473068
CR_101,18.925,0.5126,-3.2208,7.71356783919598,22.624,5.271411344712109,0.3127194486951545,0.3127194486951545,3.0113501997862517,7.531472489637967
CR_101,18.925,0.5126,-3.2208,7.763819095477388,22.624,5.28548342208582,0.3125947616417139,0.3125947616417139,3.026323405522564,7.544643438649075
CR_101,18.925,0.5126,-3.2208,7.814070351758794,22.624,5.299154454180327,0.3124846066803303,0.3124846066803303,3.0407905407989575,7.557518367561697
CR_101,18.925,0.5126,-3.2208,7.864321608040202,22.624,5.312425925563947,0.3123888626066752,0.3123888626066752,3.054753966142038,7.570097884985857
CR_101,18.925,0.5126,-3.2208,7.914572864321608,22.624,5.325299415245279,0.3123073979743433,0.3123073979743433,3.068216210539417,7.582382619951142
CR_101,18.925,0.5126,-3.2208,7.964824120603016,22.624,5.337776595622929,0.312240070932504,0.312240070932504,3.08117997156275,7.594373219683107
CR_101,18.925,0.5126,-3.2208,8.015075376884422,22.624,5.349859231402506,0.31218672909288964,0.31218672909288964,3.093648115246023,7.60607034755899
CR_101,18.925,0.5126,-3.2208,8.06532663316583,22.624,5.3615491784813605,0.31214720942565394,0.31214720942565394,3.1056236757229323,7.617474681239789
CR_101,18.925,0.5126,-3.2208,8.115577889447236,22.624,5.372848382799002,0.3121213381843789,0.3121213381843789,3.1171098546192915,7.628586910978711
CR_101,18.925,0.5126,-3.2208,8.165829145728644,22.624,5.383758879157147,0.31210893086019037,0.31210893086019037,3.128110020204689,7.639407738109606
CR_101,18.925,0.5126,-3.2208,8.21608040201005,22.624,5.394282790007884,0.31210979216472934,0.31210979216472934,3.138627706303717,7.64993787371205
CR_101,18.925,0.5126,-3.2208,8.266331658291458,22.624,5.404422324211203,0.31212371604168265,0.31212371604168265,3.1486666109701775,7.660178037452228
CR_101,18.925,0.5126,-3.2208,8.316582914572864,22.624,5.414179775762226,0.31215048570679454,0.31215048570679454,3.1582305949251346,7.670128956599317
CR_101,18.925,0.5126,-3.2208,8.366834170854272,22.624,5.423557522489527,0.3121898737158252,0.3121898737158252,3.167323679764096,7.6797913652149585
CR_101,18.925,0.5126,-3.2208,8.417085427135678,22.624,5.432558024723496,0.31224164205997473,0.31224164205997473,3.175950045935733,7.68916600351126
CR_101,18.925,0.5126,-3.2208,8.467336683417086,22.624,5.441183823937648,0.3123055422883884,0.3123055422883884,3.184114030497831,7.698253617377466
CR_101,18.925,0.5126,-3.2208,8.517587939698492,22.624,5.449437541361812,0.31238131565683597,0.31238131565683597,3.191820124655955,7.707054958067669
CR_101,18.925,0.5126,-3.2208,8.5678391959799,22.624,5.457321876568334,0.3124686933023966,0.3124686933023966,3.199072971087184,7.715570782049483
CR_101,18.925,0.5126,-3.2208,8.618090452261306,22.624,5.464839606033012,0.31256739644292936,0.31256739644292936,3.205877361059448,7.723801851006575
CR_101,18.925,0.5126,-3.2208,8.668341708542714,22.624,5.47199358166853,0.31267713660082425,0.31267713660082425,3.2122382313478854,7.7317489319891735
CR_101,18.925,0.5126,-3.2208,8.71859296482412,22.624,5.478786729335834,0.31279761584997223,0.31279761584997223,3.2181606609613387,7.7394127977103295
CR_101,18.925,0.5126,-3.2208,8.768844221105528,22.624,5.485222047328614,0.3129285270855239,0.3129285270855239,3.223649867677257,7.746794226979971
CR_101,18.925,0.5126,-3.2208,8.819095477386934,22.624,5.491302604837188,0.31306955431492434,0.31306955431492434,3.2287112044022352,7.75389400527214
CR_101,18.925,0.5126,-3.2208,8.869346733668342,22.624,5.497031540387762,0.3132203729694465,0.3132203729694465,3.233350155359789,7.760712925415735
CR_101,18.925,0.5126,-3.2208,8.919597989949748,22.624,5.50241206026086,0.31338065023546025,0.31338065023546025,3.2375723321146577,7.767251788407062
CR_101,18.925,0.5126,-3.2208,8.969849246231156,22.624,5.507447436887681,0.31355004540418774,0.31355004540418774,3.2413834694414394,7.773511404333922
CR_101,18.925,0.5126,-3.2208,9.020100502512562,22.624,5.512141007228052,0.31372821023865366,0.31372821023865366,3.244789421050552,7.779492593405552
CR_101,18.925,0.5126,-3.2208,9.07035175879397,22.624,5.5164961711264535,0.3139147893571811,0.3139147893571811,3.247796155172687,7.785196187080221
CR_101,18.925,0.5126,-3.2208,9.120603015075378,22.624,5.520516389651188,0.3141094206319213,0.3141094206319213,3.2504097500177522,7.790623029284625
CR_101,18.925,0.5126,-3.2208,9.170854271356784,22.624,5.524205183415098,0.3143117356016375,0.3143117356016375,3.2526363891123555,7.79577397771784
CR_101,18.925,0.5126,-3.2208,9.22110552763819,22.624,5.527566130877582,0.3145213598971669,0.3145213598971669,3.254482356526956,7.800649905228208
CR_101,18.925,0.5126,-3.2208,9.271356783919598,22.624,5.530602866633633,0.31473791367895376,0.31473791367895376,3.2559540320027933,7.805251701264473
CR_101,18.925,0.5126,-3.2208,9.321608040201006,22.624,5.533319079683447,0.31496101208490257,0.31496101208490257,3.257057885984811,7.809580273382084
CR_101,18.925,0.5126,-3.2208,9.371859296482413,22.624,5.535718511690291,0.31519026568805564,0.31519026568805564,3.2578004745718347,7.813636548808748
CR_101,18.925,0.5126,-3.2208,9.422110552763819,22.624,5.537804955223006,0.3154252809623698,0.3154252809623698,3.258188434392846,7.817421476053166
CR_101,18.925,0.5126,-3.2208,9.472361809045227,22.624,5.5395822519857525,0.31566566075588204,0.31566566075588204,3.258228477417109,7.820936026554396
CR_101,18.925,0.5126,-3.2208,9.522613065326635,22.624,5.541054291035615,0.3159110047699057,0.3159110047699057,3.2579273857085593,7.824181196362671
CR_101,18.925,0.5126,-3.2208,9.57286432160804,22.624,5.542225006989104,0.31616091004337715,0.31616091004337715,3.25729200613188,7.827158007846327
CR_101,18.925,0.5126,-3.2208,9.623115577889447,22.624,5.543098378217144,0.3164149714410082,0.3164149714410082,3.256329245019552,7.8298675114147365
CR_101,18.925,0.5126,-3.2208,9.673366834170855,22.624,5.543678425031948,0.3166727821445985,0.3166727821445985,3.25504606280795,7.832310787255946
CR_101,18.925,0.5126,-3.2208,9.723618090452263,22.624,5.543969207862961,0.3169339341457889,0.3169339341457889,3.253449468652105,7.834488947073817
CR_101,18.925,0.5126,-3.2208,9.773869346733669,22.624,5.543974825427053,0.31719801874040066,0.31719801874040066,3.2515465150232448,7.836403135830862
CR_101,18.925,0.5126,-3.2208,9.824120603015075,22.624,5.543699412889973,0.31746462702191525,0.31746462702191525,3.2493442923038085,7.838054533476138
CR_101,18.925,0.5126,-3.2208,9.874371859296483,22.624,5.543147140021938,0.3177333503746161,0.3177333503746161,3.246849923379045,7.839444356664831
CR_101,18.925,0.5126,-3.2208,9.92462311557789,22.624,5.542322209348004,0.31800378096432286,0.31800378096432286,3.244070558240782,7.840573860455226
CR_101,18.925,0.5126,-3.2208,9.974874371859297,22.624,5.541228854293414,0.31827551222676,0.31827551222676,3.2410133686032827,7.841444339983545
CR_101,18.925,0.5126,-3.2208,10.025125628140703,22.624,5.539871337326785,0.3185481393519814,0.3185481393519814,3.2376855425454325,7.842057132108137
CR_101,18.925,0.5126,-3.2208,10.075376884422111,22.624,5.538253948097103,0.31882125976466397,0.31882125976466397,3.2340942791765963,7.84241361701761
CR_101,18.925,0.5126,-3.2208,10.125628140703519,22.624,5.536381001572935,0.31909447359897425,0.31909447359897425,3.230246783343911,7.842515219801959
CR_101,18.925,0.5126,-3.2208,10.175879396984925,22.624,5.5342568361764855,0.3193673841677268,0.3193673841677268,3.2261502603756798,7.842363411977291
CR_101,18.925,0.5126,-3.2208,10.226130653266331,22.624,5.531885811920862,0.31963959842501344,0.31963959842501344,3.221811910875159,7.841959712966565
CR_101,18.925,0.5126,-3.2208,10.27638190954774,22.624,5.529272308545385,0.31991072742141213,0.31991072742141213,3.2172389255660185,7.841305691524752
CR_101,18.925,0.5126,-3.2208,10.326633165829147,22.624,5.526420723652891,0.3201803867516431,0.3201803867516431,3.21243848019438,7.840402967111403
CR_101,18.925,0.5126,-3.2208,10.376884422110553,22.624,5.523335470850529,0.32044819699340577,0.32044819699340577,3.2074177304980878,7.839253211202969
CR_101,18.925,0.5126,-3.2208,10.42713567839196,22.624,5.520020977891858,0.32071378413786494,0.32071378413786494,3.2021838072376285,7.837858148546087
CR_101,18.925,0.5126,-3.2208,10.477386934673367,22.624,5.516481684824444,0.3209767800100402,0.3209767800100402,3.1967438113055247,7.836219558343363
CR_101,18.925,0.5126,-3.2208,10.527638190954775,22.624,5.51272204214093,0.3212368226798944,0.3212368226798944,3.191104808906417,7.834339275375443
CR_101,18.925,0.5126,-3.2208,10.577889447236181,22.624,5.5087465089361825,0.3214935568627143,0.3214935568627143,3.1852738268206147,7.832219191051751
CR_101,18.925,0.5126,-3.2208,10.628140703517587,22.624,5.504559551071589,0.3217466343087423,0.3217466343087423,3.179257847752474,7.829861254390703
CR_101,18.925,0.5126,-3.2208,10.678391959798995,22.624,5.5001656393459895,0.3219957141820739,0.3219957141820739,3.1730638057629954,7.827267472928984
CR_101,18.925,0.5126,-3.2208,10.728643216080403,22.624,5.4955692476735525,0.32224046342760443,0.32224046342760443,3.1666985817957283,7.824439913551377
CR_101,18.925,0.5126,-3.2208,10.77889447236181,22.624,5.490774851272673,0.3224805571267946,0.3224805571267946,3.160168999294511,7.821380703250835
CR_101,18.925,0.5126,-3.2208,10.829145728643216,22.624,5.485786924863715,0.3227156788410273,0.3227156788410273,3.15348181991973,7.818092029807701
CR_101,18.925,0.5126,-3.2208,10.879396984924623,22.624,5.480609940875563,0.3229455209428767,0.3229455209428767,3.1466437393607523,7.814576142390373
CR_101,18.925,0.5126,-3.2208,10.929648241206031,22.624,5.475248367666381,0.3231697849350698,0.3231697849350698,3.139661383251509,7.810835352081252
CR_101,18.925,0.5126,-3.2208,10.979899497487438,22.624,5.46970666775393,0.32338818175652306,0.32338818175652306,3.1325413031890506,7.806872032318809
CR_101,18.925,0.5126,-3.2208,11.030150753768844,22.624,5.463989296060228,0.3236004320758392,0.3236004320758392,3.125289972857067,7.802688619263389
CR_101,18.925,0.5126,-3.2208,11.080402010050252,22.624,5.458100698168157,0.32380626657183387,0.32380626657183387,3.1179137842550997,7.798287612081214
CR_101,18.925,0.5126,-3.2208,11.13065326633166,22.624,5.45204530859446,0.32400542620084544,0.32400542620084544,3.1104190440396535,7.7936715731492665
CR_101,18.925,0.5126,-3.2208,11.180904522613066,22.624,5.445827549076526,0.3241976624512363,0.3241976624512363,3.1028119699716727,7.788843128181379
CR_101,18.925,0.5126,-3.2208,11.231155778894472,22.624,5.4394518268743814,0.3243827375844353,0.3243827375844353,3.0950986874764914,7.783804966272271
CR_101,18.925,0.5126,-3.2208,11.28140703517588,22.624,5.432922533090691,0.3245604248629967,0.3245604248629967,3.0872852263156205,7.778559839865762
CR_101,18.925,0.5126,-3.2208,11.331658291457288,22.624,5.426244041006623,0.32473050876516696,0.32473050876516696,3.0793775173719156,7.77311056464133
CR_101,18.925,0.5126,-3.2208,11.381909547738694,22.624,5.419420704437271,0.3248927851864041,0.3248927851864041,3.071381389548595,7.767460019325947
CR_101,18.925,0.5126,-3.2208,11.4321608040201,22.624,5.412456856103225,0.32504706162764563,0.32504706162764563,3.0633025667801728,7.7616111454262775
CR_101,18.925,0.5126,-3.2208,11.482412060301508,22.624,5.405356806024209,0.3251931573702279,0.3251931573702279,3.055146665161935,7.755566946886484
CR_101,18.925,0.5126,-3.2208,11.532663316582916,22.624,5.398124839930587,0.32533090363799855,0.32533090363799855,3.04691919018984,7.749330489671333
CR_101,18.925,0.5126,-3.2208,11.582914572864322,22.624,5.390765217696114,0.3254601437458718,0.3254601437458718,3.038625534119643,7.742904901272585
CR_101,18.925,0.5126,-3.2208,11.633165829145728,22.624,5.383282171792779,0.3255807332359306,0.3255807332359306,3.0302709734381077,7.7362933701474494
CR_101,18.925,0.5126,-3.2208,11.683417085427136,22.624,5.375679905766192,0.32569254000042525,0.32569254000042525,3.0218606664494745,7.729499145082909
CR_101,18.925,0.5126,-3.2208,11.733668341708544,22.624,5.367962592733831,0.32579544439173896,0.32579544439173896,3.013399650978968,7.722525534488694
CR_101,18.925,0.5126,-3.2208,11.78391959798995,22.624,5.360134373907632,0.3258893393203686,0.3258893393203686,3.0048928421872683,7.7153759056279965
CR_101,18.925,0.5126,-3.2208,11.834170854271356,22.624,5.352199357138116,0.32597413033981065,0.32597413033981065,2.9963450305011605,7.708053683775072
CR_101,18.925,0.5126,-3.2208,11.884422110552764,22.624,5.3441616154851355,0.32604973571952406,0.32604973571952406,2.9877608796569683,7.700562351313303
CR_101,18.925,0.5126,-3.2208,11.934673366834172,22.624,5.336025185810868,0.326116086505613,0.326116086505613,2.979144924854985,7.692905446766751
CR_101,18.925,0.5126,-3.2208,11.984924623115578,22.624,5.327794067400539,0.3261731265696846,0.3261731265696846,2.970501571027095,7.685086563773984
CR_101,18.925,0.5126,-3.2208,12.035175879396984,22.624,5.319472220608133,0.3262208126457031,0.3262208126457031,2.961835091216138,7.677109350000128
CR_101,18.925,0.5126,-3.2208,12.085427135678392,22.624,5.311063565527426,0.32625911435581595,0.32625911435581595,2.9531496250602913,7.66897750599456
CR_101,18.925,0.5126,-3.2208,12.1356783919598,22.624,5.302571980691886,0.32628801422435333,0.32628801422435333,2.944449177391796,7.660694783991977
CR_101,18.925,0.5126,-3.2208,12.185929648241206,22.624,5.294001301800501,0.3263075076812824,0.3263075076812824,2.9357376169378164,7.6522649866631856
CR_101,18.925,0.5126,-3.2208,12.236180904522612,22.624,5.285355320472406,0.3263176030545436,0.3263176030545436,2.9270186751304603,7.643691965814352
CR_101,18.925,0.5126,-3.2208,12.28643216080402,22.624,5.276637783029417,0.32631832155213053,0.32631832155213053,2.918295945018817,7.634979621040017
CR_101,18.925,0.5126,-3.2208,12.336683417085428,22.624,5.267852389306274,0.3263096972338243,0.3263096972338243,2.909572880283483,7.626131898329065
CR_101,18.925,0.5126,-3.2208,12.386934673366834,22.624,5.259002791492841,0.32629177697311357,0.32629177697311357,2.9008527943539706,7.617152788631711
CR_101,18.925,0.5126,-3.2208,12.43718592964824,22.624,5.250092593003169,0.3262646204095355,0.3262646204095355,2.8921388596222086,7.6080463263841285
CR_101,18.925,0.5126,-3.2208,12.487437185929648,22.624,5.2411253473754424,0.32622829989169044,0.32622829989169044,2.8834341067543274,7.5988165879965575
CR_101,18.925,0.5126,-3.2208,12.537688442211056,22.624,5.232104557202078,0.32618290041146175,0.32618290041146175,2.8747414240961584,7.589467690307997
CR_101,18.925,0.5126,-3.2208,12.587939698492463,22.624,5.223033673092667,0.3261285195296172,0.3261285195296172,2.866063557173867,7.580003789011467
CR_101,18.925,0.5126,-3.2208,12.638190954773869,22.624,5.213916092663585,0.32606526729333246,0.32606526729333246,2.8574031082796263,7.570429077047542
CR_101,18.925,0.5126,-3.2208,12.688442211055277,22.624,5.204755159562969,0.32599326614585034,0.32599326614585034,2.848762536149501,7.560747782976437
CR_101,18.925,0.5126,-3.2208,12.738693467336685,22.624,5.195554162525992,0.32591265082880966,0.32591265082880966,2.840144155724602,7.550964169327383
CR_101,18.925,0.5126,-3.2208,12.78894472361809,22.624,5.186316334460655,0.3258235682775768,0.3258235682775768,2.831550137993328,7.541082530927983
CR_101,18.925,0.5126,-3.2208,12.839195979899497,22.624,5.177044851568345,0.3257261775103032,0.3257261775103032,2.82298250991372,7.5311071932229705
CR_101,18.925,0.5126,-3.2208,12.889447236180905,22.624,5.167742832495576,0.3256206495105719,0.3256206495105719,2.8144431544133304,7.521042510577821
CR_101,18.925,0.5126,-3.2208,12.939698492462313,22.624,5.158413337517681,0.325507167104636,0.325507167104636,2.805933810460127,7.510892864575235
CR_101,18.925,0.5126,-3.2208,12.989949748743719,22.624,5.149059367756332,0.3253859248335784,0.3253859248335784,2.79745607320393,7.500662662308734
CR_101,18.925,0.5126,-3.2208,13.040201005025127,22.624,5.1396838644305864,0.32525712882079805,0.32525712882079805,2.7890113941851498,7.490356334676023
CR_101,18.925,0.5126,-3.2208,13.090452261306533,22.624,5.130289708140463,0.32512099663537225,0.32512099663537225,2.780601081605862,7.479978334675064
CR_101,18.925,0.5126,-3.2208,13.14070351758794,22.624,5.120879718183849,0.3249777571518244,0.3249777571518244,2.7722263006601886,7.469533135707509
CR_101,18.925,0.5126,-3.2208,13.190954773869347,22.624,5.111456651907513,0.3248276504068861,0.3248276504068861,2.763888073920511,7.459025229894515
CR_101,18.925,0.5126,-3.2208,13.241206030150755,22.624,5.10202320409232,0.32467092745382187,0.32467092745382187,2.7555872817754925,7.448459126409148
CR_101,18.925,0.5126,-3.2208,13.291457286432161,22.624,5.092582006370469,0.32450785021474216,0.32450785021474216,2.7473246629146737,7.437839349826264
CR_101,18.925,0.5126,-3.2208,13.341708542713569,22.624,5.083135626678795,0.3243386913315272,0.3243386913315272,2.739100814859162,7.427170438498427
CR_101,18.925,0.5126,-3.2208,13.391959798994975,22.624,5.073686568744212,0.324163734016283,0.324163734016283,2.7309161945278495,7.416456942960575
CR_101,18.925,0.5126,-3.2208,13.442211055276383,22.624,5.0642372716053625,0.32398327190122406,0.32398327190122406,2.722771118843974,7.4057034243667506
CR_101,18.925,0.5126,-3.2208,13.492462311557789,22.624,5.05479010916612,0.3237976088894237,0.3237976088894237,2.7146657653672723,7.394914452964969
CR_101,18.925,0.5126,-3.2208,13.542713567839197,22.624,5.045347389784241,0.32360705900646425,0.32360705900646425,2.70660017295477,7.384094606613711
CR_101,18.925,0.5126,-3.2208,13.592964824120603,22.624,5.035911355893835,0.32341194625385916,0.32341194625385916,2.6985742424425907,7.373248469345079
CR_101,18.925,0.5126,-3.2208,13.643216080402011,22.624,5.026484183664049,0.3232126044648329,0.3232126044648329,2.690587737346935,7.362380629981164
CR_101,18.925,0.5126,-3.2208,13.693467336683417,22.624,5.017067982687089,0.3230093771632759,0.3230093771632759,2.682640284571449,7.351495680802729
CR_101,18.925,0.5126,-3.2208,13.743718592964825,22.624,5.007664795705676,0.32280261742616184,0.32280261742616184,2.674731375129013,7.340598216282338
CR_101,18.925,0.5126,-3.2208,13.793969849246231,22.624,4.998276598370156,0.3225926877503875,0.3225926877503875,2.666860364861212,7.3296928318790995
CR_101,18.925,0.5126,-3.2208,13.84422110552764,22.624,4.988905299032079,0.32237995992493607,0.32237995992493607,2.659026475155806,7.318784122908352
CR_101,18.925,0.5126,-3.2208,13.894472361809045,22.624,4.9795527385706535,0.32216481490795357,0.32216481490795357,2.651228793661568,7.307876683479739
CR_101,18.925,0.5126,-3.2208,13.944723618090453,22.624,4.970220690252673,0.32194764271113124,0.32194764271113124,2.643466274983795,7.296975105521551
CR_101,18.925,0.5126,-3.2208,13.99497487437186,22.624,4.9609108596265905,0.32172884229019705,0.32172884229019705,2.635737741369811,7.28608397788337
CR_101,18.925,0.5126,-3.2208,14.045226130653267,22.624,4.9516248844490764,0.32150882144368387,0.32150882144368387,2.6280418833671417,7.275207885531011
CR_101,18.925,0.5126,-3.2208,14.095477386934673,22.624,4.9423643346456805,0.3212879967194649,0.3212879967194649,2.6203772604596542,7.264351408831707
CR_101,18.925,0.5126,-3.2208,14.145728643216081,22.624,4.93313071230372,0.32106679333060023,0.32106679333060023,2.612742301668634,7.2535191229388065
CR_101,18.925,0.5126,-3.2208,14.195979899497488,22.624,4.923925451698571,0.3208456450804765,0.3208456450804765,2.605135306120098,7.242715597277043
CR_101,18.925,0.5126,-3.2208,14.246231155778895,22.624,4.914749919352678,0.32062499429802765,0.32062499429802765,2.5975544435719775,7.231945395133378
CR_101,18.925,0.5126,-3.2208,14.296482412060302,22.624,4.905605414126014,0.32040529178387467,0.32040529178387467,2.589997754893825,7.221213073358203
CR_101,18.925,0.5126,-3.2208,14.34673366834171,22.624,4.896493167339639,0.32018699676734247,0.32018699676734247,2.5824631525010235,7.210523182178253
CR_101,18.925,0.5126,-3.2208,14.396984924623116,22.624,4.887414342930534,0.3199705768756644,0.3199705768756644,2.5749484207321807,7.199880265128888
CR_101,18.925,0.5126,-3.2208,14.447236180904524,22.624,4.8783700376384616,0.31975650811503836,0.31975650811503836,2.567451216172896,7.1892888591040265
CR_101,18.925,0.5126,-3.2208,14.49748743718593,22.624,4.869361281223789,0.31954527486467743,0.31954527486467743,2.559969067916587,7.178753494530991
CR_101,18.925,0.5126,-3.2208,14.547738693467338,22.624,4.860389036715933,0.3193373698838001,0.3193373698838001,2.5524993777624116,7.168278695669454
CR_101,18.925,0.5126,-3.2208,14.597989949748744,22.624,4.851454200694055,0.3191332943323747,0.3191332943323747,2.5450394203460385,7.157868981042071
CR_101,18.925,0.5126,-3.2208,14.648241206030152,22.624,4.842557603595743,0.31893355780535476,0.31893355780535476,2.5375863432009114,7.147528863990575
CR_101,18.925,0.5126,-3.2208,14.698492462311558,22.624,4.833700010057367,0.31873867838137515,0.31873867838137515,2.530137166746665,7.137262853368069
CR_101,18.925,0.5126,-3.2208,14.748743718592966,22.624,4.824882119284098,0.3185491826854804,0.3185491826854804,2.522688784205805,7.127075454362391
CR_101,18.925,0.5126,-3.2208,14.798994974874372,22.624,4.816104565447683,0.31836560596657726,0.31836560596657726,2.51523796144172,7.116971169453645
CR_101,18.925,0.5126,-3.2208,14.84924623115578,22.624,4.807367918114576,0.3181884921894051,0.3181884921894051,2.5077813367221347,7.106954499507017
CR_101,18.925,0.5126,-3.2208,14.899497487437186,22.624,4.798672682701885,0.31801839414105243,0.31801839414105243,2.5003154204052462,7.097029944998524
CR_101,18.925,0.5126,-3.2208,14.949748743718594,22.624,4.7900193009619105,0.31785587355221334,0.31785587355221334,2.492836594547927,7.087202007375894
CR_101,18.925,0.5126,-3.2208,15.0,22.624,4.781408151492907,0.31770150123270163,0.31770150123270163,2.485341112437114,7.0774751905487
